{"Level":1,"Exp":0.0,"Coin":893600,"Diamond":1000,"Mileage":3200,"CurStage":1,"DeckKeyLists":[1,3,4,5],"BattlePosCntLists":[1,2,1],"BuildingKeyLists":[10],"BuildingPosLists":[{"x":15.59999942779541,"y":-5.320000171661377}],"MyCardsLists":[1,2,3,4,5,6],"InvenItemKeyLists":[11,21,31,111],"InvenItemAmountLists":[50,42,70,74]}